id,firstname,middlename,lastname,suffix
1,Donna,M.,Wilson,
2,Robert,Y.,Sanchez,
3,Jennifer,E.,Nguyen,
4,Paul,A.,Jones,III
5,Robert,Y.,Scott,
6,Donald,D.,Wright,II
7,Edward,T.,Robinson,III
8,Carol,N.,Torres,Sr.
9,Helen,Ann,Wilson,
10,John,N.,Lewis,
11,Sharon,Marie,Garcia,Esq.
12,James,Z.,Young,
13,Mary,Allen,Scott,
14,Mary,T.,Thomas,
15,David,F.,Thompson,Esq.
16,Robert,M.,Wilson,Esq.
17,Christopher,B.,Rodriguez,
18,William,K.,Lee,
19,Joseph,N.,Ramirez,MD
20,Susan,U.,Allen,MD
21,John,Z.,Harris,
22,John,H.,Gonzalez,
23,Margaret,G.,Lewis,
24,Mary,X.,Flores,Sr.
25,Richard,I.,Moore,
26,James,Ray,Nguyen,
27,Steven,Y.,Jackson,DDS
28,James,Rose,Ramirez,DDS
29,Maria,J.,Thomas,II
30,Mary,W.,Clark,MD
31,Mary,P.,Wright,
32,Thomas,K.,Clark,
33,Robert,Rose,Perez,MD
34,Ruth,T.,Allen,
35,Christopher,W.,Harris,DDS
36,Mary,Q.,Ramirez,
37,Paul,J.,Harris,
38,Ruth,J.,Robinson,
39,Patricia,L.,Wilson,MD
40,Maria,S.,Walker,
41,Thomas,D.,Jackson,
42,Steven,Marie,Torres,
43,Thomas,Q.,Martin,
44,Sandra,M.,King,
45,David,Q.,Gonzalez,
46,Thomas,G.,Ramirez,
47,Nancy,B.,Robinson,Sr.
48,William,F.,Davis,III
49,Betty,L.,Miller,
50,Helen,N.,Smith,
51,Sharon,S.,Johnson,II
52,Margaret,J.,Robinson,
53,Barbara,P.,Lopez,
54,Donald,Grace,Lopez,
55,Jennifer,Grace,Brown,
56,Barbara,R.,Robinson,
57,Carol,Allen,Davis,Esq.
58,Ruth,E.,Young,
59,Jennifer,Rose,Hernandez,
60,Karen,U.,Lewis,
61,Susan,Grace,Clark,
62,Daniel,Rose,Johnson,
63,Ruth,W.,Hernandez,III
64,Mark,E.,Scott,
65,Steven,J.,Thomas,
66,Kenneth,C.,Wright,Sr.
67,Joseph,T.,Jones,
68,Sharon,E.,Martin,
69,Mary,Z.,Wright,
70,Daniel,U.,Moore,Sr.
71,Patricia,L.,Ramirez,II
72,Dorothy,R.,Johnson,III
73,Brian,G.,Garcia,Esq.
74,Richard,W.,Nguyen,PhD
75,Charles,Q.,Lee,DDS
76,Karen,Z.,Lopez,
77,Donna,H.,Perez,Sr.
78,Helen,C.,Hernandez,IV
79,Donald,X.,Hill,
80,Linda,J.,Miller,
81,Mary,Grace,Williams,MD
82,Margaret,Ray,Sanchez,IV
83,Steven,O.,Ramirez,
84,Dorothy,D.,Clark,
85,David,F.,Wilson,III
86,Sharon,L.,Robinson,Esq.
87,Susan,A.,Johnson,
88,Jennifer,C.,Williams,
89,Linda,Grace,Harris,
90,David,Q.,Sanchez,Esq.
91,Donald,E.,Harris,
92,Steven,I.,Hill,
93,Robert,Rose,Lewis,MD
94,Donna,Z.,Ramirez,Jr.
95,Michael,G.,Young,
96,Elizabeth,I.,Anderson,Jr.
97,Margaret,A.,Anderson,DDS
98,Joseph,A.,Moore,
99,Michael,James,Flores,PhD
100,Robert,S.,Moore,
101,Mary,N.,Thompson,
102,Brian,W.,Ramirez,
103,Dorothy,L.,Ramirez,
104,Robert,Ray,Williams,
105,Sharon,I.,Jones,
106,Maria,K.,Hill,II
107,Richard,L.,Garcia,Sr.
108,George,B.,Walker,
109,Paul,Q.,Sanchez,
110,Jennifer,V.,Sanchez,
111,Michael,A.,Gonzalez,
112,Sandra,T.,Sanchez,PhD
113,Richard,Ray,Hill,
114,Charles,J.,Scott,
115,Karen,Ray,Allen,
116,George,Allen,Jones,Jr.
117,Paul,L.,Thomas,
118,Christopher,J.,Wilson,
119,Charles,Allen,Anderson,DDS
120,Elizabeth,Marie,Flores,
121,Thomas,V.,Rodriguez,Sr.
122,James,V.,Miller,Sr.
123,Christopher,S.,Martinez,Esq.
124,Nancy,Q.,Brown,
125,Linda,Grace,Garcia,III
126,Charles,B.,Robinson,
127,David,X.,Thompson,
128,Richard,Z.,Jackson,
129,Steven,D.,Nguyen,
130,Joseph,V.,Flores,DDS
131,Steven,V.,Young,
132,Michael,Lee,Wilson,
133,Christopher,E.,Robinson,MD
134,Mark,I.,Perez,
135,Maria,Y.,Hill,
136,Richard,Allen,Miller,
137,Sandra,S.,White,
138,Kenneth,Q.,Allen,Sr.
139,Christopher,B.,Scott,
140,Betty,U.,Wright,
141,Sharon,C.,Jones,
142,David,Allen,Wright,
143,Nancy,K.,Harris,
144,James,D.,Jackson,
145,Lisa,W.,Scott,Jr.
146,Susan,P.,White,
147,Betty,J.,Taylor,PhD
148,Donald,L.,Gonzalez,
149,Dorothy,X.,Moore,MD
150,John,J.,Walker,
151,Dorothy,O.,Torres,DDS
152,Joseph,X.,Anderson,DDS
153,Kenneth,A.,Scott,
154,Karen,W.,Nguyen,Jr.
155,James,F.,Jackson,II
156,Donald,P.,Davis,
157,Nancy,Ray,Walker,
158,Donna,Lee,Nguyen,PhD
159,Jennifer,Lee,White,
160,John,Allen,Wilson,
161,Mark,Grace,Martinez,Esq.
162,Donna,U.,Martinez,Jr.
163,David,H.,Ramirez,
164,Maria,P.,Nguyen,IV
165,Karen,L.,Garcia,
166,Charles,X.,Lee,
167,Lisa,J.,Harris,
168,Ruth,G.,Jackson,
169,Susan,V.,Clark,
170,Brian,L.,Johnson,
171,Donna,Marie,Hill,
172,Joseph,H.,Miller,
173,Carol,P.,Allen,
174,Dorothy,T.,Lee,IV
175,Christopher,V.,Young,DDS
176,Maria,F.,Scott,PhD
177,Dorothy,James,King,
178,Ruth,James,Miller,Jr.
179,Donald,P.,Wilson,
180,Dorothy,D.,Walker,Jr.
181,Jennifer,E.,Allen,PhD
182,Margaret,O.,Wright,
183,Christopher,Allen,Thomas,
184,Robert,S.,Martin,II
185,Lisa,S.,Miller,
186,John,S.,Lopez,Esq.
187,Joseph,X.,Clark,
188,Mark,Rose,Davis,Esq.
189,Joseph,Marie,Ramirez,II
190,Christopher,N.,Moore,
191,Charles,Grace,Perez,
192,Daniel,Marie,Scott,
193,Betty,Lee,Clark,
194,Donald,M.,Brown,DDS
195,Christopher,K.,Brown,
196,Christopher,Ann,Allen,Sr.
197,Sandra,M.,White,
198,Dorothy,T.,Jones,
199,Brian,L.,Hernandez,
200,Joseph,S.,Garcia,DDS
